User,Response,,,,,,,,,,,,
"Now there are three people A, B and C. I currently know that A is taller than B and B is taller than C. Who is the tallest currently?","Based on the given information, A is the tallest among the three people.",,,,,,,,,,,,
"Mary is Tom's mother, John is Tom's grandfather, so what is John to Mary?",John is Mary's father-in-law.,,,,,,,,,,,,
A coin is heads up. Jesus does not flip the coin. Alejandra flips the coin. Is the coin still heads up?,"The coin was flipped by Alejandra. So the coin was flipped 1 time, which is an odd number.  The coin started heads up, so after an odd number of flips, it will be tails up. So the answer is no. ",,,,,,,,,,,,
"There are two boxes. Box 1 is either full or empty. Box 2 is either full or empty. If Box 1 is full, then Box 2 is empty. If Box 2 is full, then Box 1 is empty. I checked Box 1 and it was full. What can you infer about Box 2?","Since Box 1 is full, based on the given conditions, this means Box 2 must be empty. The conditions state that if one box is full, the other must be empty.",,,,,,,,,,,,
I have five apples. I gave two to Emily and three to Daniel. How many apples do I have now?,You have zero apples now because you gave all five away—two to Emily and three to Daniel.,,,,,,,,,,,,
I put the key inside the book and put the book on the dining table in the living room. Where is the key at this time?,"Based on the information you provided, the key is inside the book, which is placed on the dining table in the living room. That means the key is in the living room, secured within the pages of the book on the table.",,,,,,,,,,,,
By taking into account the facts ```fact1: Anne is not furry. fact2: Anne is rough. fact3: Anne is white. fact4: Charlie is big. Can you infer that Charlie is furry based on these facts? Please give a conclusion and explain the reasons.,"we cannot infer that Charlie is furry. None of the provided facts about Anne give us any information about Charlie's characteristics, other than the fact that Charlie is big (fact4). The characteristics of Anne and Charlie are independent of each other unless there is a stated relationship",rule,connecting,the,two,sets,of,"characteristics,",which,is,not,provided,"here."""
I have two apples. I eat one. How many apples do I have now?,"After eating one of the two apples, you now have one apple left.",,,,,,,,,,,,
"I have a glass of water filled to the halfway mark. If I add more water until it's full, what happens to the water level?","If you fill the glass up to the top, the water level will rise from the halfway mark to the top of the glass.",,,,,,,,,,,,
There is a red apple and a green apple on the table. I ate the red apple. Which apple is left on the table?,"If you ate the red apple, then only the green apple is left on the table.",,,,,,,,,,,,
"I have a cat and a dog. The cat is sleeping and the dog is awake. If the dog falls asleep, what is the state of my pets?","If the dog falls asleep while the cat is already sleeping, then both your pets are sleeping.",,,,,,,,,,,,
"I'm planning a vacation. If it's winter, I want to go skiing. If it's summer, I prefer the beach. It's currently winter. Where should I go?","Since it's currently winter, based on your preferences, you should go skiing.",,,,,,,,,,,,
"I'm planning a birthday party. If more than 10 guests confirm, I'll book a hall. If less than 10 confirm, I'll have it at home. So far, 8 have confirmed. Where should I have the party?","Since only 8 guests have confirmed and this is less than 10, you should plan to have the birthday party at home.",,,,,,,,,,,,
I own four books. I gave two to my friend. How many books do I have now?,"After giving two of your four books to your friend, you now have two books left.",,,,,,,,,,,,
"I have a goldfish and a parrot. The goldfish is swimming and the parrot is flying. If the parrot lands, what is the state of my pets?","If the parrot lands while the goldfish is still swimming, then you have one pet swimming and one resting.",,,,,,,,,,,,
"I am planning a hike. If more than 15 friends join, we'll take a bus. If less than 15 join, we'll carpool. Currently, 12 friends have agreed to join. How should we travel?","Since only 12 friends have agreed to join and this is less than 15, you should plan to carpool.",,,,,,,,,,,,
"I have potatoes, milk, and cheese. What can I cook?","With potatoes, milk, and cheese, you can prepare dishes like mashed potatoes or scalloped potatoes.",,,,,,,,,,,,
"I have two jars. Jar 1 can either be filled or empty. Jar 2 can either be filled or empty. If Jar 1 is filled, then Jar 2 is empty. If Jar 2 is filled, then Jar 1 is empty. I've just checked and found Jar 2 is filled. Can you infer anything about Jar 1?","Given the conditions, if Jar 2 is filled, then Jar 1 must be empty. So, Jar 1 is empty.",,,,,,,,,,,,
I have seven books. I lent three to Alice and two to Bob. How many books do I have now?,You have two books now because you lent five out of your seven books—three to Alice and two to Bob.,,,,,,,,,,,,
I placed my watch in a jewelry box and put the box on the bookshelf in the study. Where is my watch now?,"From the information given, your watch is inside the jewelry box, which is on the bookshelf in the study. Therefore, currently your watch is in the study, inside the jewelry box on the bookshelf.",,,,,,,,,,,,
I bought five books. I gave two books to my friend. How many books do I have now?,"After giving two of the five books to your friend, you now have three books left.",,,,,,,,,,,,
"I have a box of chocolates. There are 20 chocolates in the box. If I eat 5, how many are left?","If you eat 5 chocolates out of 20, you will have 15 chocolates left in the box.",,,,,,,,,,,,
I put my passport in my wallet and put the wallet in the drawer of my study desk. Where is my passport?,"Based on your information, your passport is inside your wallet, which is placed in the drawer of your study desk. So, your passport is in the study desk drawer, inside your wallet.",,,,,,,,,,,,
"There are 3 animals: lion, zebra, elephant . The lion is faster than the zebra, and the zebra is faster than the elephant. Which animal is the fastest?","Based on the given information, the lion is the fastest animal among the three mentioned.",,,,,,,,,,,,
"There are three rooms. Room 1 is either occupied or not. Room 2 is either occupied or not. If Room 1 is occupied, then Room 2 is not. If Room 2 is occupied, then Room 1 is not. I checked Room 1 and it was occupied. What can you infer about Room 2?","Given the conditions, if Room 1 is occupied, then Room 2 must be unoccupied. So, since Room 1 is occupied, we can infer that Room 2 is not occupied.",,,,,,,,,,,,
I dropped my phone in the pocket of my coat and hung the coat on the rack in the hallway. Where is my phone currently?,"From your description, the phone is in the pocket of your coat, which is hanging on the rack in the hallway. So, your phone is in the hallway, inside the pocket of your coat on the rack.",,,,,,,,,,,,
"I have five boxes A, B, C, D and E. The weight of box A is less than B and B is less than C. Can you identify the heaviest box so far?","Based on the provided details, C is the heaviest box among A, B, and C.",,,,,,,,,,,,
"Utilizing the provided facts ```fact1: Dave is blue. fact2: Dave is young.``` and the rules ```rule1: Quiet people are kind. rule2: If someone is blue and not red then they are quiet.```, can you tell me if Dave is young?","From fact2, you can see directly that Dave is young. So yes, Dave is young.",,,,,,,,,,,,
Here are some facts: fact1: Anne is cold. fact2: Anne is nice. fact3: Anne is rough. fact4: Charlie is cold. Is Charlie kind based on these facts?,"Based on these facts, we cannot infer whether Charlie is kind. We only know that Charlie is cold. To infer if Charlie is kind we need more information or rules that connect 'cold' to 'kind'.",,,,,,,,,,,,
There is now a face-up coin. Yang Min flips the coin once. Is the coin still face-up?,"The coin was flipped once by Yang Min. Therefore, the coin was flipped once, and the number of flips was an odd number. The coin was originally heads up, and after an odd number of flips, it will be tails up. Therefore. The answer is 'No, the coin lands tails up.'",,,,,,,,,,,,
There was a coin that was facing up at the beginning. Zhang Na flipped the coin once. Is the coin still facing up now?,"The coin was flipped 1 time by Zhang Na. Therefore, the number of flips of the coin is 1, which is an odd number. The coin starts with heads up, and after an odd number of flips, it will turn into tails. .So the answer is no, now the coin is tails up.",,,,,,,,,,,,
There is now a tails-up coin. Jianguo flips the coin once. Chen Qiang flips the coin once. Is the coin still tails-up?,"The coin was flipped once by Jianguo and Chen Qiang each. Therefore, the coin was flipped twice, and the number of flips was an even number. The coin originally was tails, and after an even number of flips, it will be tails. .So the answer is 'Yes, the coin still comes up tails'.",,,,,,,,,,,,
A coin is heads up. Boris flips the coin. Is the coin still heads up?,"The coin was flipped by Boris. So the coin was flipped 1 time, which is an odd number. The coin started heads up, so after an odd number of flips, it will be tails up. So the answer is no.",,,,,,,,,,,,
There is a face-up coin now. Li Hong does not flip the coin. Is the coin still face-up?,"The coin was not flipped by Li Hong, so the coin is still heads up.",,,,,,,,,,,,
A coin is heads up. Cynthia does not flip the coin. Is the coin still heads up?,"The coin was not flipped by Cynthia. So the coin was flipped 0 times, which means the coin's position hasn't changed. The coin started as heads up, so it will still be heads up. So the answer is yes.",,,,,,,,,,,,
There is now a face-up coin. Chen Chao flips the coin once. Is the coin still face-up?,"The coin was flipped 1 time by Chen Chao. Therefore, the coin was flipped 1 time, which is an odd number. The coin started out heads up, so after an odd number of flips, it will be tails up. So the answer is 'No, the coin no longer lands heads'.",,,,,,,,,,,,
A coin is heads up. Corina flips the coin. Is the coin still heads up?,"The coin was flipped by Corina. So the coin was flipped 1 time, which is an odd number.  The coin started heads up, so after an odd number of flips, it will be tails up. So the answer is no. ",,,,,,,,,,,,
A coin is heads up. Joaquin flips the coin. Is the coin still heads up?,"Joaquin flipped the coin once, which is an odd number. If a coin starts heads up and is flipped an odd number of times, it will be tails up. So, the answer is no.",,,,,,,,,,,,
A coin is heads up. Diana does not flip the coin. Is the coin still heads up?,"Since Diana did not flip the coin and it was initially heads up, the coin remains heads up.",,,,,,,,,,,,
A coin is heads up. William flips the coin. Is the coin still heads up?,"The coin was flipped by William. So the coin was flipped 1 time, which is an odd number. The coin started heads up, so after an odd number of flips, it will be tails up. So the answer is no.",,,,,,,,,,,,
A coin is tails up. Yong does not flip the coin. Is the coin still tails up?,"The coin was not flipped by Yong. So the coin was flipped 0 time. The coin started tails up, it will still be tails up. So the answer is yes.",,,,,,,,,,,,
A coin is heads up. Rusty flips the coin. Is the coin still heads up?,"The coin was flipped by Rusty. So the coin was flipped 1 time, which is an odd number.  The coin started heads up, so after an odd number of flips, it will be tails up. So the answer is no.",,,,,,,,,,,,
A coin is heads up. Is the coin still heads up?,"Yes, as no one has flipped the coin, it remains heads up.",,,,,,,,,,,,
There is now a face-up coin. Liu Xia flips the coin once. Is the coin still face-up?,"The coin was flipped once by Liu Xia. Therefore, the coin was flipped once, and the number of flips was an odd number. The coin was originally on the front side, and after an odd number of flips, it will be on the tail side. Therefore. The answer is 'No, the coin lands tails up'.",,,,,,,,,,,,
A coin is heads up. Maura does not flip the coin. Is the coin still heads up?,"Yes, the coin is still heads up. Maura didn't flip the coin, so it remains in the initial state which is heads up.",,,,,,,,,,,,
There is now a coin with tails up. Li Ming does not flip the coin. Is the coin now with tails up?,"The coin was not flipped by Li Ming, so it is still tails up.",,,,,,,,,,,,
There is now a face-up coin. Li Xin flips the coin once. Is the coin currently face-up?,"The coin was flipped once by Li Xin. This means that the number of flips of the coin is an odd number. According to the rules of coin flipping, it is heads up at first. After an odd number of flips, the coin should be tails up. So the answer is No, the coin is now tails.",,,,,,,,,,,,
A coin is tails up. Jarred does not flip the coin. Iva does not flip the coin. Is the coin still tails up?,"The coin was not flipped by either Jarred or Iva. So the coin was not flipped at all. It started tails up, so without any flips, it will still be tails up. So the answer is yes.",,,,,,,,,,,,
A coin is heads up. Vern flips the coin. Is the coin still heads up?,"The coin was flipped by Vern. So the coin was flipped 1 time, which is an odd number. The coin started heads up, so after an odd number of flips, it will be tails up. So the answer is no.",,,,,,,,,,,,
Let's examine the following facts: fact1: The lion likes the squirrel. fact2: The squirrel is kind. Is the lion kind? Please give a conclusion and explain the reasons.,"We cannot conclude that the lion is kind based on the provided facts. The facts show that the lion likes the squirrel and that the squirrel is kind, but there is no rule or fact that states that if a lion likes a kind creature, the lion is also kind. Therefore, there is insufficient information to conclude that the lion is kind.",,,,,,,,,,,,
Given the facts fact1: Anne is young. fact2: Fiona is green. fact3: Gary is young. Can you infer whether Gary is young or not based on these facts? Please give a conclusion and explain the reasons.,From fact3 we can directly know that Gary is young. So the statement 'Gary is not young' is false.,,,,,,,,,,,,
Let's consider the facts fact1: The bald eagle does not like the dog. fact2: The cat is rough. fact3: The cat likes the bald eagle. Can you tell me if the cat needs the dog based on these facts?,"Based on the facts provided, we can't infer that the cat needs the dog. The current facts tell us about the cat's physical characteristics and its relationship with the bald eagle, but they don't provide any information on the cat's relationship with the dog.",,,,,,,,,,,,
By taking into account the facts fact1: Charlie is big. fact2: Charlie is furry. fact3: Charlie is kind. fact4: Gary is big. Can you infer that Gary is furry based on these facts? Please provide an explanation for your inference.,"Based on the facts provided, we cannot infer that Gary is furry. The facts about Charlie do not provide any information on whether Gary is furry or not. The characteristics of different people are independent unless there is a relationship or rule connecting them, which we do not have here.",,,,,,,,,,,,
I'm currently recalling a book I read in elementary school but can't remember the name.,"I'll do my best to help you identify the book you're recalling from elementary school. To narrow it down, please provide me with any details you can remember.",,,,,,,,,,,,
I have a pet that loves water but is not a fish. What could it be?,"There are several possibilities for a pet that loves water but is not a fish. It could be an amphibian like a frog, a reptile like a turtle, or even a mammal like a dog or an otter. Without more specific information, we can't determine exactly what kind of pet it is.",,,,,,,,,,,,
I'm thinking of an object that can be found in a kitchen. It's often silver or black. What is it?,"Based on your description, it could be a variety of kitchen items, as many are silver or black. This could include utensils, pots, pans, or small appliances. Can you provide more details?",,,,,,,,,,,,
I'm thinking of a famous historical figure who was a leader. Who could it be?,"There are many famous historical figures who were leaders. This could include political leaders, military leaders, or even social movement leaders. Could you provide more information about the time period or specific achievements?",,,,,,,,,,,,
I saw someone playing a musical instrument. It had strings and was played with a bow. What could it be?,"A stringed instrument that is played with a bow could be a violin, a viola, a cello, or a double bass.",,,,,,,,,,,,
I have a pet named Whiskers. Whiskers has fur and four legs. What kind of pet is Whiskers likely to be?,"Considering Whiskers has fur and four legs, it is likely that Whiskers is a mammal, such as a cat or a dog.",,,,,,,,,,,,
A patient has a fever and a sore throat. What might they have?,"The patient could have a common cold or strep throat, as both can cause fever and sore throat.",,,,,,,,,,,,
"I have eggs, flour, and sugar. What can I bake?","With eggs, flour, and sugar, you can bake simple items like a sponge cake or pancakes.",,,,,,,,,,,,
My computer won't start. What should I do?,"First, check if the computer is plugged in and the power button is working. If it's a laptop, ensure the battery isn’t drained.",,,,,,,,,,,,
A patient comes with symptoms of fever and headache. What could be the diagnosis?,"Fever and headache are common symptoms that could indicate a variety of conditions, such as a viral infection, flu, or a common cold. More information or specific tests are needed for an accurate diagnosis.",,,,,,,,,,,,
The patient has been experiencing dizziness and shortness of breath. What could be the cause?,"These symptoms could be attributed to several conditions, including anemia or heart conditions like angina.",,,,,,,,,,,,
"I can't connect to the internet on my laptop, any suggestions?","First, ensure that your Wi-Fi is turned on. If it's on and you still can't connect, try resetting your modem and router.",,,,,,,,,,,,
A person is complaining about persistent chest pain and shortness of breath. What could be the possible reason?,"These symptoms could be indicative of numerous conditions, such as heart disease, angina, or lung conditions like asthma or pneumonia. Further examination or diagnostic tests would be required to confirm the condition.",,,,,,,,,,,,
I'm trying to remember a movie I watched when I was a teenager but I can't recall the title.,I'll do my best to help you identify the movie you're trying to remember. Please provide me with any details you can remember to narrow it down.,,,,,,,,,,,,
I have a plant that thrives in sunlight but is not a cactus. Can you guess what it is?,"There are various plants that love sunlight and are not cacti. It could be a succulent, a sunflower, or even a marigold. Without more information, it's hard to specify exactly what type of plant it is.",,,,,,,,,,,,
"I observed a bird in the park today. It had bright, multi-colored plumage and a curved beak. Any idea what it might be?","The bird you've described could be a number of species, but it sounds like it might be a parrot or a toucan. Both have bright plumage and curved beaks.",,,,,,,,,,,,
I have a houseplant named Sunny. Sunny has green leaves and needs a lot of sunlight. What kind of houseplant could Sunny be?,"Given that Sunny has green leaves and requires lots of sunlight, it could be a variety of houseplants, such as a spider plant or a jade plant.",,,,,,,,,,,,
"I have potatoes, milk, and cheese. What can I cook?","With potatoes, milk, and cheese, you can cook dishes like mashed potatoes or cheesy baked potatoes.",,,,,,,,,,,,
How long does it take for medicine to work?,The onset of action for medication can vary greatly depending on the type of medicine and its formulation. Could you specify which medicine you are referring to?,,,,,,,,,,,,
What side effects are associated with this drug?,"To provide accurate information, could you please tell me the name of the drug you are inquiring about?",,,,,,,,,,,,
Can medicine cure my headache?,"I'd be happy to help. To give you the most accurate information, could you specify what type of headache you're experiencing? For example, is it a tension headache, a migraine, or another type?",,,,,,,,,,,,
Is this medicine safe for everyone to use?,Safety can vary widely depending on several factors. Could you please specify which medicine you are referring to?,,,,,,,,,,,,
Is it safe to take medicine with alcohol?,It's very important to be cautious with this. Could you specify which medication you are referring to?,,,,,,,,,,,,
Can taking vitamins make you healthier?,"Vitamins can play a role in maintaining health, but it's important to consider individual needs. Are you thinking of taking vitamins for general wellness, or do you have a specific health concern or deficiency?",,,,,,,,,,,,
How many calories should I eat per day?,"Your daily caloric intake depends on various factors such as age, gender, weight, height, and level of physical activity. Could you provide me with this information so I can help determine an appropriate number of calories for you?",,,,,,,,,,,,
Should I take vitamins for my health?,"Vitamins can be beneficial, but it's important to consider individual health needs. May I know if you have any specific dietary restrictions, health conditions or goals that you're aiming for with vitamin supplementation?",,,,,,,,,,,,
Is it okay to drink coffee every day?,"Coffee consumption can vary greatly from person to person. How many cups of coffee do you typically drink in a day, and do you have any specific health concerns or conditions that might be affected by caffeine?",,,,,,,,,,,,
Is it bad to exercise every day?,"Regular exercise is generally beneficial for health, but the impact of daily exercise can vary depending on the intensity and type of workouts. Can you describe what kind of exercise routine you're considering and your current fitness level?",,,,,,,,,,,,
Who was the president during the Great Depression?,Are you asking about the president at the onset of the Great Depression or the president during a specific year or period within the Great Depression era?,,,,,,,,,,,,
When did the war end?,"To provide an accurate answer, I need to know which war you are referring to. Could you please specify the conflict or war?",,,,,,,,,,,,
Who was the first president?,Are you referring to the first president of a specific country or organization?,,,,,,,,,,,,
What caused the fall of the Roman Empire?,"The fall of the Roman Empire is a complex topic with many contributing factors. Are you referring to the fall of the Western Roman Empire in the 5th century, or the fall of the Eastern Roman Empire, also known as the Byzantine Empire, in the 15th century?",,,,,,,,,,,,
Who was the first emperor?,Are you asking about the first emperor in a specific region or civilization? There have been many first emperors throughout history.,,,,,,,,,,,,
What's the fastest animal on Earth?,"Are you asking about the fastest animal in terms of flight, land speed, or swimming?",,,,,,,,,,,,
How do I prevent diseases?,"Are you asking about preventing a specific type of disease, such as infectious diseases, chronic diseases, or another category?",,,,,,,,,,,,
How long does it take for a planet to orbit a star?,The orbital period of a planet can vary greatly depending on the star it orbits and its distance from that star. Could you specify which planet and star system you're asking about?,,,,,,,,,,,,
Can I have the boiling point of an element?,Certainly! Could you please specify which element's boiling point you're interested in?,,,,,,,,,,,,
Can diseases be transmitted through air?,"Yes, certain diseases can be transmitted through the air, primarily by respiratory droplets or aerosol particles. Could you specify if you are asking about a specific type of disease or transmission method, such as airborne, droplet, or dust transmission?",,,,,,,,,,,,
How much storage do I need for my laptop?,The amount of storage you might need depends on your usage. Could you tell me what you'll primarily be using the laptop for?,,,,,,,,,,,,
What's the best device for reading ebooks?,"Choosing the best device for reading ebooks can depend on your personal preferences. Do you prioritize screen quality, battery life, or portability? And do you already own a tablet or an e-reader?",,,,,,,,,,,,
"I need a laptop for work, but I'm not sure which one to get.","I'd be happy to help you choose a laptop for work. Could you tell me more about the nature of your work and any specific requirements you have for the laptop? For example, do you need it to run certain types of software, or do you prioritize portability and battery life?",,,,,,,,,,,,
I need a software for editing videos.,"Sure, I'd be glad to help. To provide you with the best options, could you tell me which device you will be using the software on, and if you have any specific requirements such as 4K support or compatibility with certain video formats?",,,,,,,,,,,,
How much does it cost to build an app?,"The cost of building an app can vary widely based on several factors. Could you please specify what type of app you're looking to develop? For example, is it a simple utility app, a complex game, or an e-commerce platform?",,,,,,,,,,,,
What's the best laptop for working from home?,"To give you the best recommendation, I need to know more about your specific needs. What kind of work will you be doing from home, and are there any particular specifications or features you require in a laptop?",,,,,,,,,,,,
Can I upgrade my phone?,"I'd be happy to help with that! Could you please specify the make and model of your phone, as well as what kind of upgrade you are looking to perform?",,,,,,,,,,,,
How often should I replace my tires?,"The frequency at which you should replace your tires can depend on several factors. Could you tell me more about your driving habits, such as approximate annual mileage, types of roads you frequently drive on, and your vehicle's make and model?",,,,,,,,,,,,
What's the best camera for beginners?,"I'd be happy to assist you with that. Are you looking for a digital camera, or are you interested in film photography?",,,,,,,,,,,,